date,value
2024-05-27 14:18:16,55
2024-05-27 14:18:30,59.9731
2024-05-27 14:21:37,58.0794
2024-05-27 14:21:31,55
2024-05-27 14:26:40,73
2024-05-27 14:26:45,71
2024-05-27 14:26:50,69
2024-05-27 14:26:54,68
2024-05-27 14:27:00,62
2024-05-27 14:27:05,59
2024-05-27 14:27:06,59
2024-05-27 14:27:15,57
2024-05-27 14:27:16,57
2024-05-27 14:27:25,56
2024-05-27 14:27:27,56
2024-05-27 14:27:31,56
2024-05-27 14:27:36,56
2024-05-27 14:27:45,58
2024-05-27 14:27:46,58
2024-05-27 14:27:51,58
2024-05-27 14:27:56,60
2024-05-27 14:28:02,60
2024-05-27 14:28:06,60
2024-05-27 14:28:13,58
2024-05-27 14:28:19,57
2024-05-27 14:28:25,56
2024-05-27 14:28:29,56
2024-05-27 14:28:31,56
2024-05-27 14:28:39,60
2024-05-27 14:25:39,58
2024-05-27 14:28:44,61
2024-05-27 14:28:48,62
2024-05-27 14:28:53,61
2024-05-27 14:29:00,57
2024-05-27 14:29:03,56
2024-05-27 14:29:08,54
2024-05-27 14:29:11,54
2024-05-27 14:29:17,55
2024-05-27 14:29:24,53
2024-05-27 14:29:27,53
2024-05-27 14:29:31,54
2024-05-27 14:29:39,54
2024-05-27 14:29:42,54
2024-05-27 14:29:47,55
2024-05-27 14:29:55,55
2024-05-27 14:29:57,55
2024-05-27 14:30:01,55
2024-05-27 14:30:08,55
2024-05-27 14:30:11,55
2024-05-27 14:30:20,56
2024-05-27 14:30:23,55
2024-05-27 14:30:26,55
2024-05-27 14:30:33,55
2024-05-27 14:30:37,55
2024-05-27 14:30:41,55
2024-05-27 14:30:46,55
2024-05-27 14:30:54,63
2024-05-27 14:31:00,68
2024-05-27 14:31:01,68
2024-05-27 14:31:10,68
2024-05-27 14:31:12,66
2024-05-27 14:31:16,62
2024-05-27 14:31:25,58
2024-05-27 14:31:26,58
2024-05-27 14:31:34,56
2024-05-27 14:31:38,55
2024-05-27 14:31:44,53
2024-05-27 14:31:46,54
2024-05-27 14:31:51,54
2024-05-27 14:31:57,55
2024-05-27 14:32:01,55
2024-05-27 14:32:10,61
2024-05-27 14:32:11,61
2024-05-27 14:32:19,66
2024-05-27 14:32:25,67
2024-05-27 14:32:26,66
2024-05-27 14:32:31,65
2024-05-27 14:32:40,61
2024-05-27 14:32:45,59
2024-05-27 14:32:50,57
2024-05-27 14:32:55,57
2024-05-27 14:33:00,57
2024-05-27 14:33:05,56
2024-05-27 14:33:07,56
2024-05-27 14:33:11,57
2024-05-27 14:33:16,59
2024-05-27 14:33:21,61
2024-05-27 14:33:28,64
2024-05-27 14:33:33,62
2024-05-27 14:33:36,62
2024-05-27 14:33:44,59
2024-05-27 14:33:49,58
2024-05-27 14:33:53,58
2024-05-27 14:33:56,56
2024-05-27 14:34:03,57
2024-05-27 14:34:09,57
2024-05-27 14:34:15,56
2024-05-27 14:34:16,56
2024-05-27 14:34:22,59
2024-05-27 14:34:30,59
2024-05-27 14:34:32,59
2024-05-27 14:34:37,60
2024-05-27 14:34:45,58
2024-05-27 14:34:47,58
2024-05-27 14:34:51,58
2024-05-27 14:35:00,56
2024-05-27 14:35:03,57
2024-05-27 14:35:07,58
2024-05-27 14:35:14,62
2024-05-27 14:35:20,66
2024-05-27 14:35:24,66
2024-05-27 14:35:26,66
2024-05-27 14:35:35,61
2024-05-27 14:38:09,57
2024-05-27 14:41:08,58
2024-05-27 14:44:49,56
2024-05-27 14:52:17,59
2024-05-27 14:55:56,58
2024-05-27 15:02:42,56
2024-05-27 15:03:53,53
2024-05-27 15:09:09,56
2024-05-27 15:14:16,55
2024-05-27 15:19:12,50
2024-05-27 15:18:42,55
2024-05-27 15:27:28,86
2024-05-27 15:27:33,76
2024-05-27 15:27:37,74
2024-05-27 15:27:43,70
2024-05-27 15:27:47,69
2024-05-27 15:27:49,68
2024-05-27 15:27:54,69
2024-05-27 15:28:03,68
2024-05-27 15:28:08,65
2024-05-27 15:28:13,61
2024-05-27 15:28:18,59
2024-05-27 15:28:22,59
2024-05-27 15:28:28,61
2024-05-27 15:28:33,63
2024-05-27 15:28:34,63
2024-05-27 15:28:40,62
2024-05-27 15:28:44,63
2024-05-27 15:28:49,65
2024-05-27 15:28:58,66
2024-05-27 15:29:00,67
2024-05-27 15:29:08,68
2024-05-27 15:29:12,67
2024-05-27 15:29:14,66
2024-05-27 15:29:23,65
2024-05-27 15:29:28,66
2024-05-27 15:29:30,66
2024-05-27 15:29:34,66
2024-05-27 15:29:43,67
2024-05-27 15:29:47,67
2024-05-27 15:29:50,66
2024-05-27 15:29:57,66
2024-05-27 15:30:00,66
2024-05-27 15:30:04,68
2024-05-27 15:30:13,72
2024-05-27 15:30:18,73
2024-05-27 15:30:23,72
2024-05-27 15:30:27,72
2024-05-27 15:30:29,73
2024-05-27 15:30:38,76
2024-05-27 15:30:43,77
2024-05-27 15:30:45,77
2024-05-27 15:30:49,79
2024-05-27 15:30:58,76
2024-05-27 15:31:03,75
2024-05-27 15:31:05,74
2024-05-27 15:31:13,73
2024-05-27 15:31:18,73
2024-05-27 15:31:19,73
2024-05-27 15:31:26,73
2024-05-27 15:31:29,73
2024-05-27 15:31:37,71
2024-05-27 15:31:41,72
2024-05-27 15:31:44,72
2024-05-27 15:31:49,73
2024-05-27 15:31:58,73
2024-05-27 15:31:59,73
2024-05-27 15:32:05,73
2024-05-27 15:32:13,75
2024-05-27 15:32:14,74
2024-05-27 15:32:20,75
2024-05-27 15:32:25,75
2024-05-27 15:32:29,75
2024-05-27 15:32:38,76
2024-05-27 15:32:39,77
2024-05-27 15:32:44,76
2024-05-27 15:32:53,77
2024-05-27 15:32:55,77
2024-05-27 15:33:00,77
2024-05-27 15:33:08,76
2024-05-27 15:33:10,76
2024-05-27 15:33:14,76
2024-05-27 15:33:19,74
2024-05-27 15:33:24,74
2024-05-27 15:33:32,75
2024-05-27 15:33:35,74
2024-05-27 15:33:43,73
2024-05-27 15:33:44,73
2024-05-27 15:33:52,74
2024-05-27 15:33:58,75
2024-05-27 15:34:00,77
2024-05-27 15:34:04,77
2024-05-27 15:34:12,73
2024-05-27 15:34:18,72
2024-05-27 15:34:22,73
2024-05-27 15:34:27,74
2024-05-27 15:34:33,72
2024-05-27 15:34:38,71
2024-05-27 15:34:40,71
2024-05-27 15:34:44,72
2024-05-27 15:34:49,72
2024-05-27 15:34:54,72
2024-05-27 15:35:02,75
2024-05-27 15:35:07,76
2024-05-27 15:35:11,75
2024-05-27 15:35:14,75
2024-05-27 15:35:23,74
2024-05-27 15:35:27,74
2024-05-27 15:35:31,74
2024-05-27 15:35:34,74
2024-05-27 15:35:39,73
2024-05-27 15:35:45,73
2024-05-27 15:35:52,73
2024-05-27 15:35:55,74
2024-05-27 15:36:01,74
2024-05-27 15:36:05,73
2024-05-27 15:36:12,73
2024-05-27 15:36:14,73
2024-05-27 15:36:20,73
2024-05-27 15:36:28,76
2024-05-27 15:36:33,75
2024-05-27 15:36:38,74
2024-05-27 15:36:40,74
2024-05-27 15:36:46,74
2024-05-27 15:36:49,74
2024-05-27 15:36:58,74
2024-05-27 15:37:03,74
2024-05-27 15:37:08,77
2024-05-27 15:37:13,75
2024-05-27 15:37:14,75
2024-05-27 15:37:19,74
2024-05-27 15:37:27,77
2024-05-27 15:37:33,79
2024-05-27 15:37:38,79
2024-05-27 15:37:39,79
2024-05-27 15:37:45,79
2024-05-27 15:37:49,79
2024-05-27 15:37:54,79
2024-05-27 15:38:03,76
2024-05-27 15:38:04,76
2024-05-27 15:38:12,71
2024-05-27 15:38:14,71
2024-05-27 15:38:23,75
2024-05-27 15:38:27,75
2024-05-27 15:38:29,75
2024-05-27 15:38:34,75
2024-05-27 15:38:39,76
2024-05-27 15:38:48,77
2024-05-27 15:38:51,76
2024-05-27 15:38:58,79
2024-05-27 15:39:03,81
2024-05-27 15:39:07,81
2024-05-27 15:39:09,82
2024-05-27 15:39:18,80
2024-05-27 15:39:19,80
2024-05-27 15:39:28,78
2024-05-27 15:39:29,78
2024-05-27 15:39:34,76
2024-05-27 15:39:41,78
2024-05-27 15:39:44,78
2024-05-27 15:39:49,79
2024-05-27 15:39:56,80
2024-05-27 15:40:03,78
2024-05-27 15:40:04,78
2024-05-27 15:40:13,78
2024-05-27 15:40:18,77
2024-05-27 15:40:19,77
2024-05-27 15:40:28,77
2024-05-27 15:40:30,77
2024-05-27 15:40:36,78
2024-05-27 15:40:39,79
2024-05-27 15:40:44,79
2024-05-27 15:40:49,79
2024-05-27 15:40:58,78
2024-05-27 15:41:03,78
2024-05-27 15:41:05,78
2024-05-27 15:41:09,78
2024-05-27 15:41:14,78
2024-05-27 15:41:20,78
2024-05-27 15:41:24,78
2024-05-27 15:41:31,77
2024-05-27 15:41:34,77
2024-05-27 15:41:43,77
2024-05-27 15:41:48,76
2024-05-27 15:41:53,76
2024-05-27 15:41:58,77
2024-05-27 15:42:00,77
2024-05-27 15:42:04,76
2024-05-27 15:42:09,76
2024-05-27 15:42:18,75
2024-05-27 15:42:22,74
2024-05-27 15:42:24,73
2024-05-27 15:42:32,72
2024-05-27 15:42:34,72
2024-05-27 15:42:43,74
2024-05-27 15:42:48,71
2024-05-27 15:42:49,71
2024-05-27 15:42:54,73
2024-05-27 15:43:03,72
2024-05-27 15:43:07,72
2024-05-27 15:43:13,75
2024-05-27 15:43:18,76
2024-05-27 15:43:19,77
2024-05-27 15:43:24,77
2024-05-27 15:43:29,77
2024-05-27 15:43:38,74
2024-05-27 15:43:43,74
2024-05-27 15:43:44,74
2024-05-27 15:43:52,73
2024-05-27 15:43:56,74
2024-05-27 15:44:01,73
2024-05-27 15:44:05,73
2024-05-27 15:44:09,73
2024-05-27 15:44:16,73
2024-05-27 15:44:23,75
2024-05-27 15:44:27,75
2024-05-27 15:44:33,75
2024-05-27 15:44:38,74
2024-05-27 15:44:43,74
2024-05-27 15:44:44,75
2024-05-27 15:44:49,75
2024-05-27 15:44:58,78
2024-05-27 15:44:59,77
2024-05-27 15:45:04,77
2024-05-27 15:45:10,78
2024-05-27 15:45:18,78
2024-05-27 15:45:19,78
2024-05-27 15:45:28,78
2024-05-27 15:45:29,78
2024-05-27 15:45:38,75
2024-05-27 15:45:39,75
2024-05-27 15:45:44,76
2024-05-27 15:45:53,81
2024-05-27 15:45:57,82
2024-05-27 15:45:59,81
2024-05-27 15:46:04,79
2024-05-27 15:46:09,76
2024-05-27 15:46:15,73
2024-05-27 15:46:23,67
2024-05-27 15:46:28,66
2024-05-27 15:46:32,66
2024-05-27 15:46:34,66
2024-05-27 15:46:39,65
2024-05-27 15:46:46,62
2024-05-27 15:46:53,60
2024-05-27 15:46:58,61
2024-05-27 15:46:59,62
2024-05-27 15:47:05,62
2024-05-27 15:47:13,64
2024-05-27 15:47:15,63
2024-05-27 15:47:23,63
2024-05-27 15:47:27,63
2024-05-27 15:47:33,61
2024-05-27 15:47:37,62
2024-05-27 15:47:41,62
2024-05-27 15:47:44,62
2024-05-27 15:47:51,65
2024-05-27 15:47:58,63
2024-05-27 15:48:03,62
2024-05-27 15:48:08,62
2024-05-27 15:48:09,63
2024-05-27 15:48:18,61
2024-05-27 15:48:20,62
2024-05-27 15:48:24,62
2024-05-27 15:48:29,62
2024-05-27 15:48:35,61
2024-05-27 15:48:39,61
2024-05-27 15:48:48,61
2024-05-27 15:48:51,61
2024-05-27 15:48:58,59
2024-05-27 15:48:59,60
2024-05-27 15:49:08,63
2024-05-27 15:49:13,61
2024-05-27 15:49:14,61
2024-05-27 15:49:20,60
2024-05-27 15:49:25,59
2024-05-27 15:49:31,58
2024-05-27 15:49:38,57
2024-05-27 15:49:42,58
2024-05-27 15:49:45,59
2024-05-27 15:49:53,60
2024-05-27 15:49:54,60
2024-05-27 15:50:03,58
2024-05-27 15:50:08,58
2024-05-27 15:50:10,58
2024-05-27 15:50:14,58
2024-05-27 15:50:23,59
2024-05-27 15:50:28,60
2024-05-27 15:50:30,60
2024-05-27 15:50:36,64
2024-05-27 15:50:42,67
2024-05-27 15:50:44,67
2024-05-27 15:50:50,65
2024-05-27 15:50:58,66
2024-05-27 15:51:03,65
2024-05-27 15:51:05,65
2024-05-27 15:51:11,65
2024-05-27 15:51:15,64
2024-05-27 15:51:23,61
2024-05-27 15:51:25,61
2024-05-27 15:51:29,62
2024-05-27 15:51:35,62
2024-05-27 15:51:42,60
2024-05-27 15:51:48,60
2024-05-27 15:51:51,59
2024-05-27 15:51:56,59
2024-05-27 15:52:02,61
2024-05-27 15:52:51,58
2024-05-27 15:57:02,60
2024-05-27 16:00:59,61
2024-05-27 16:08:22,75
2024-05-27 16:12:56,75
2024-05-27 16:14:11,73
2024-05-27 16:21:32,65
2024-05-27 16:32:06,87
2024-05-27 16:23:37,67
2024-05-27 16:38:57,86
2024-05-27 16:35:30,73
2024-05-27 16:43:01,67
2024-05-27 16:47:00,67
2024-05-27 16:49:59,67
2024-05-27 16:57:40,62
2024-05-27 17:01:43,67
2024-05-27 17:01:48,67
2024-05-27 17:01:53,66
2024-05-27 17:01:58,65
2024-05-27 17:02:00,65
2024-05-27 17:02:08,65
2024-05-27 17:02:11,65
2024-05-27 17:02:16,66
2024-05-27 17:02:22,68
2024-05-27 17:02:25,68
2024-05-27 17:02:33,66
2024-05-27 17:02:37,65
2024-05-27 17:02:42,66
2024-05-27 17:02:45,66
2024-05-27 17:02:53,67
2024-05-27 17:02:56,67
2024-05-27 17:02:59,68
2024-05-27 17:03:04,72
2024-05-27 17:03:13,81
2024-05-27 17:03:18,77
2024-05-27 17:03:22,75
2024-05-27 17:03:28,68
2024-05-27 17:03:32,65
2024-05-27 17:03:38,62
2024-05-27 17:03:42,62
2024-05-27 17:03:47,62
2024-05-27 17:03:51,61
2024-05-27 17:03:55,62
2024-05-27 17:04:00,61
2024-05-27 17:04:05,60
2024-05-27 16:58:53,63
2024-05-27 17:04:11,59
2024-05-27 17:04:15,58
2024-05-27 17:04:23,59
2024-05-27 17:04:27,59
2024-05-27 17:04:31,59
2024-05-27 17:04:34,59
2024-05-27 17:04:41,61
2024-05-27 17:04:46,61
2024-05-27 17:04:52,60
2024-05-27 17:04:58,61
2024-05-27 17:04:59,61
2024-05-27 17:05:08,61
2024-05-27 17:05:11,61
2024-05-27 17:05:14,61
2024-05-27 17:05:22,60
2024-05-27 17:05:25,60
2024-05-27 17:05:29,60
2024-05-27 17:05:34,61
2024-05-27 17:05:42,62
2024-05-27 17:05:45,62
2024-05-27 17:05:49,62
2024-05-27 17:05:57,63
2024-05-27 17:06:02,63
2024-05-27 17:06:04,63
2024-05-27 17:06:09,63
2024-05-27 17:06:17,65
2024-05-27 17:06:21,67
2024-05-27 17:06:24,66
2024-05-27 17:06:31,65
2024-05-27 17:06:35,64
2024-05-27 17:06:40,64
2024-05-27 17:06:44,63
2024-05-27 17:06:53,63
2024-05-27 17:06:55,64
2024-05-27 17:06:59,63
2024-05-27 17:07:04,65
2024-05-27 17:07:52,68
2024-05-27 17:08:55,67
2024-05-27 17:09:00,65
2024-05-27 17:09:05,64
2024-05-27 17:09:10,64
2024-05-27 17:09:15,66
2024-05-27 17:09:18,68
2024-05-27 17:09:21,69
2024-05-27 17:09:30,74
2024-05-27 17:09:35,75
2024-05-27 17:09:40,75
2024-05-27 17:10:43,69
2024-05-27 17:10:48,67
2024-05-27 17:10:53,67
2024-05-27 17:10:58,69
2024-05-27 17:11:03,69
2024-05-27 17:11:06,69
2024-05-27 17:11:13,69
2024-05-27 17:11:18,69
2024-05-27 17:12:13,66
2024-05-27 17:14:51,64
2024-05-27 17:23:33,66
2024-05-27 17:27:15,63
2024-05-27 17:30:59,64
2024-05-27 17:36:13,64
2024-05-27 17:40:49,67
2024-05-27 17:45:40,67
2024-05-27 17:50:31,64
2024-05-27 17:54:40,67
2024-05-27 17:59:18,64
2024-05-27 18:07:20,66
2024-05-27 18:11:56,67
2024-05-27 18:14:16,69
2024-05-27 18:19:57,68
2024-05-27 18:23:04,65.6111
2024-05-27 18:27:51,67
2024-05-27 18:32:32,66
2024-05-27 18:37:18,64
2024-05-27 18:46:40,107
2024-05-27 18:39:30,68
2024-05-27 18:52:58,122
2024-05-27 18:53:02,118
2024-05-27 18:53:08,104
2024-05-27 18:53:13,99
2024-05-27 18:53:14,99
2024-05-27 18:53:23,95
2024-05-27 18:50:39,94
2024-05-27 18:58:27,79
2024-05-27 18:59:30,73
2024-05-27 19:03:53,75
2024-05-27 19:10:17,73
2024-05-27 19:20:14,104
2024-05-27 19:14:13,71
2024-05-27 19:22:04,98
2024-05-27 19:22:08,97
2024-05-27 19:22:15,99
2024-05-27 21:16:54,105
2024-05-27 21:20:23,99
2024-05-27 21:26:22,99
2024-05-27 22:22:40,91
2024-05-28 07:35:39,66.8747
2024-05-28 07:35:08,68
2024-05-28 07:39:17,82
2024-05-28 07:39:22,79
2024-05-28 07:39:26,80
2024-05-28 07:39:31,81
2024-05-28 07:39:37,85
2024-05-28 07:39:40,85
2024-05-28 07:39:43,86
2024-05-28 07:39:52,94
2024-05-28 07:39:57,93
2024-05-28 07:39:58,92
2024-05-28 07:40:04,92
2024-05-28 07:40:11,93
2024-05-28 07:40:14,93
2024-05-28 07:40:18,96
2024-05-28 07:40:27,99
2024-05-28 07:40:31,99
2024-05-28 07:40:36,99
2024-05-28 07:40:40,99
2024-05-28 07:40:47,99
2024-05-28 07:40:51,98
2024-05-28 07:40:57,98
2024-05-28 07:40:58,97
2024-05-28 07:41:04,97
2024-05-28 07:41:11,97
2024-05-28 07:41:14,97
2024-05-28 07:41:18,96
2024-05-28 07:41:27,96
2024-05-28 07:41:31,97
2024-05-28 07:41:34,97
2024-05-28 07:41:39,95
2024-05-28 07:41:47,98
2024-05-28 07:41:48,97
2024-05-28 07:41:56,93
2024-05-28 07:41:58,93
2024-05-28 07:42:04,92
2024-05-28 07:42:08,93
2024-05-28 07:42:16,94
2024-05-28 07:42:18,93
2024-05-28 07:42:27,92
2024-05-28 07:42:32,92
2024-05-28 07:42:36,94
2024-05-28 07:42:38,94
2024-05-28 07:42:43,97
2024-05-28 07:42:51,98
2024-05-28 07:42:55,100
2024-05-28 07:43:02,105
2024-05-28 07:43:06,103
2024-05-28 07:43:08,103
2024-05-28 07:43:16,100
2024-05-28 07:43:22,100
2024-05-28 07:43:23,101
2024-05-28 07:43:31,101
2024-05-28 07:43:34,102
2024-05-28 07:43:41,104
2024-05-28 07:43:47,105
2024-05-28 07:43:51,105
2024-05-28 07:43:56,104
2024-05-28 07:44:02,104
2024-05-28 07:44:03,105
2024-05-28 07:44:08,105
2024-05-28 07:44:17,107
2024-05-28 07:44:22,107
2024-05-28 07:44:25,106
2024-05-28 07:44:28,105
2024-05-28 07:44:33,102
2024-05-28 07:44:40,101
2024-05-28 07:44:43,100
2024-05-28 07:44:52,92
2024-05-28 07:44:56,91
2024-05-28 07:45:02,96
2024-05-28 07:45:05,97
2024-05-28 07:45:08,96
2024-05-28 07:45:16,95
2024-05-28 07:45:21,95
2024-05-28 07:45:26,95
2024-05-28 07:45:30,96
2024-05-28 07:45:34,96
2024-05-28 07:45:42,101
2024-05-28 07:45:45,100
2024-05-28 07:45:49,99
2024-05-28 07:45:54,99
2024-05-28 07:46:02,99
2024-05-28 07:46:04,99
2024-05-28 07:46:12,99
2024-05-28 07:46:14,99
2024-05-28 07:46:19,97
2024-05-28 07:46:25,97
2024-05-28 07:46:32,96
2024-05-28 07:46:33,96
2024-05-28 07:46:42,97
2024-05-28 07:46:46,97
2024-05-28 07:46:49,97
2024-05-28 07:46:57,101
2024-05-28 07:47:02,100
2024-05-28 07:47:05,100
2024-05-28 07:47:10,103
2024-05-28 07:47:17,99
2024-05-28 07:47:21,99
2024-05-28 07:47:25,102
2024-05-28 07:47:28,103
2024-05-28 07:47:36,100
2024-05-28 07:47:42,100
2024-05-28 07:47:47,100
2024-05-28 07:47:49,100
2024-05-28 07:47:55,101
2024-05-28 07:48:02,101
2024-05-28 07:48:07,103
2024-05-28 07:48:10,103
2024-05-28 07:48:13,105
2024-05-28 07:48:20,105
2024-05-28 07:48:23,104
2024-05-28 07:48:29,103
2024-05-28 07:48:34,105
2024-05-28 07:48:39,107
2024-05-28 07:48:47,106
2024-05-28 07:48:50,105
2024-05-28 07:48:55,104
2024-05-28 07:49:02,104
2024-05-28 07:49:07,103
2024-05-28 07:49:08,104
2024-05-28 07:49:13,104
2024-05-28 07:49:19,105
2024-05-28 07:49:23,106
2024-05-28 07:49:32,109
2024-05-28 07:49:36,108
2024-05-28 07:49:39,108
2024-05-28 07:49:46,107
2024-05-28 07:49:48,107
2024-05-28 07:49:53,108
2024-05-28 07:50:01,112
2024-05-28 07:50:07,110
2024-05-28 07:50:12,108
2024-05-28 07:50:15,106
2024-05-28 07:50:18,104
2024-05-28 07:50:27,104
2024-05-28 07:50:29,103
2024-05-28 07:50:33,104
2024-05-28 07:50:42,106
2024-05-28 07:50:47,106
2024-05-28 07:50:48,105
2024-05-28 07:50:56,106
2024-05-28 07:51:02,106
2024-05-28 07:51:06,105
2024-05-28 07:51:10,104
2024-05-28 07:51:13,103
2024-05-28 07:51:21,101
2024-05-28 07:51:27,100
2024-05-28 07:51:30,101
2024-05-28 07:51:33,101
2024-05-28 07:51:40,100
2024-05-28 07:51:47,99
2024-05-28 07:51:52,98
2024-05-28 07:51:57,100
2024-05-28 07:52:00,100
2024-05-28 07:52:05,103
2024-05-28 07:52:09,103
2024-05-28 07:52:15,102
2024-05-28 07:52:21,100
2024-05-28 07:52:24,101
2024-05-28 07:52:31,99
2024-05-28 07:52:35,99
2024-05-28 07:52:42,98
2024-05-28 07:52:45,97
2024-05-28 07:52:50,98
2024-05-28 07:52:55,99
2024-05-28 07:53:02,95
2024-05-28 07:53:06,95
2024-05-28 07:53:09,95
2024-05-28 07:53:16,94
2024-05-28 07:53:21,94
2024-05-28 07:53:24,95
2024-05-28 07:53:28,95
2024-05-28 07:53:37,97
2024-05-28 07:53:42,97
2024-05-28 07:53:46,97
2024-05-28 07:53:51,96
2024-05-28 07:53:53,96
2024-05-28 07:54:01,96
2024-05-28 07:54:07,96
2024-05-28 07:54:10,97
2024-05-28 07:54:15,98
2024-05-28 07:54:19,97
2024-05-28 07:54:24,98
2024-05-28 07:54:32,98
2024-05-28 07:54:37,100
2024-05-28 07:54:40,100
2024-05-28 07:54:43,100
2024-05-28 07:54:51,99
2024-05-28 07:54:53,99
2024-05-28 07:54:58,98
2024-05-28 07:55:04,99
2024-05-28 07:55:12,99
2024-05-28 07:55:13,100
2024-05-28 07:55:18,100
2024-05-28 07:55:27,101
2024-05-28 07:55:31,102
2024-05-28 07:55:37,101
2024-05-28 07:55:40,99
2024-05-28 07:55:44,99
2024-05-28 07:55:48,99
2024-05-28 07:55:55,98
2024-05-28 07:55:58,99
2024-05-28 07:56:05,99
2024-05-28 07:56:08,100
2024-05-28 07:56:14,102
2024-05-28 07:56:18,104
2024-05-28 07:56:23,107
2024-05-28 07:56:28,112
2024-05-28 07:56:37,121
2024-05-28 07:56:38,121
2024-05-28 07:56:47,123
2024-05-28 07:56:52,127
2024-05-28 07:56:57,134
2024-05-28 07:57:02,134
2024-05-28 07:57:04,134
2024-05-28 07:57:12,132
2024-05-28 07:57:13,133
2024-05-28 07:57:18,135
2024-05-28 07:57:23,137
2024-05-28 07:57:31,135
2024-05-28 07:57:36,141
2024-05-28 07:57:42,141
2024-05-28 07:57:47,145
2024-05-28 07:57:52,146
2024-05-28 07:57:57,149
2024-05-28 07:58:02,149
2024-05-28 07:58:06,148
2024-05-28 07:58:08,147
2024-05-28 07:58:15,142
2024-05-28 07:58:21,138
2024-05-28 07:58:23,137
2024-05-28 07:58:28,133
2024-05-28 07:58:34,132
2024-05-28 07:58:40,124
2024-05-28 07:58:45,125
2024-05-28 07:58:51,122
2024-05-28 07:58:55,120
2024-05-28 07:59:00,120
2024-05-28 07:59:07,114
2024-05-28 07:59:12,115
2024-05-28 07:59:14,113
2024-05-28 07:59:18,109
2024-05-28 07:59:27,105
2024-05-28 07:59:28,106
2024-05-28 07:59:33,101
2024-05-28 07:59:40,104
2024-05-28 07:59:47,102
2024-05-28 07:59:50,102
2024-05-28 07:59:54,104
2024-05-28 08:00:00,99
2024-05-28 08:00:04,93
2024-05-28 08:00:11,101
2024-05-28 08:00:14,99
2024-05-28 08:00:21,100
2024-05-28 08:00:27,102
2024-05-28 08:00:32,102
2024-05-28 08:00:35,103
2024-05-28 08:00:38,103
2024-05-28 08:00:47,102
2024-05-28 08:00:48,101
2024-05-28 08:00:57,100
2024-05-28 08:00:58,101
2024-05-28 08:01:06,100
2024-05-28 08:01:08,101
2024-05-28 08:01:15,97
2024-05-28 08:01:19,98
2024-05-28 08:01:25,99
2024-05-28 08:01:29,98
2024-05-28 08:01:37,99
2024-05-28 08:01:42,99
2024-05-28 08:01:44,100
2024-05-28 08:01:50,101
2024-05-28 08:01:56,101
2024-05-28 08:01:59,101
2024-05-28 08:02:05,100
2024-05-28 08:02:08,99
2024-05-28 08:02:14,98
2024-05-28 08:02:22,100
2024-05-28 08:02:23,100
2024-05-28 08:02:31,97
2024-05-28 08:02:34,96
2024-05-28 08:02:38,97
2024-05-28 08:02:46,100
2024-05-28 08:02:50,100
2024-05-28 08:02:55,100
2024-05-28 08:03:01,100
2024-05-28 08:03:04,100
2024-05-28 08:03:12,99
2024-05-28 08:03:17,97
2024-05-28 08:03:22,96
2024-05-28 08:03:23,96
2024-05-28 08:03:31,94
2024-05-28 08:03:36,95
2024-05-28 08:03:41,94
2024-05-28 08:03:47,96
2024-05-28 08:03:48,97
2024-05-28 08:03:53,95
2024-05-28 08:07:36,90
2024-05-28 08:10:00,101
2024-05-28 08:10:03,99
2024-05-28 08:10:15,89
2024-05-28 08:10:20,90
2024-05-28 08:10:25,90
2024-05-28 08:10:26,90
2024-05-28 08:10:31,90
2024-05-28 08:10:38,92
2024-05-28 08:10:44,95
2024-05-28 08:10:47,93
2024-05-28 08:10:54,91
2024-05-28 08:10:57,92
2024-05-28 08:11:05,89
2024-05-28 08:11:07,89
2024-05-28 08:11:15,86
2024-05-28 08:19:16,84
2024-05-28 08:20:25,86
2024-05-28 08:20:30,87
2024-05-28 08:20:31,87
2024-05-28 08:20:39,91
2024-05-28 08:20:45,87
2024-05-28 08:20:47,87
2024-05-28 08:20:53,89
2024-05-28 08:20:56,89
2024-05-28 08:21:01,91
2024-05-28 08:28:03,83
2024-05-28 08:32:47,84
2024-05-28 08:37:03,80
2024-05-28 08:42:09,84
2024-05-28 08:47:53,82
2024-05-28 08:45:11,74
2024-05-28 08:49:51,75
2024-05-28 08:53:36,78
2024-05-28 08:59:05,84
2024-05-28 09:04:53,84
2024-05-28 09:08:36,79
2024-05-28 09:14:28,75
2024-05-28 09:24:47,71
2024-05-28 09:21:06,80
2024-05-28 09:25:10,74
2024-05-28 09:31:20,69
2024-05-28 09:40:07,75
2024-05-28 09:37:17,74
2024-05-28 09:44:26,74
2024-05-28 09:41:46,73
2024-05-28 09:50:56,77
2024-05-28 09:53:19,74
2024-05-28 09:46:19,70
2024-05-28 09:56:33,73
2024-05-28 10:00:26,69
2024-05-28 10:05:07,67
2024-05-28 10:08:39,66
2024-05-28 10:18:18,74
2024-05-28 10:15:21,69
2024-05-28 10:26:58,73
2024-05-28 10:20:21,68
2024-05-28 10:28:26,70
2024-05-28 10:36:04,74
2024-05-28 10:31:03,72
2024-05-28 10:42:53,72
2024-05-28 10:51:46,75
2024-05-28 10:48:02,70
2024-05-28 10:53:14,81
2024-05-28 10:57:04,74
2024-05-28 10:54:29,75
2024-05-28 11:01:57,72
2024-05-28 11:13:09,67
2024-05-28 11:15:10,71
2024-05-28 11:23:57,82
2024-05-28 11:18:55,75
2024-05-28 11:34:49,69
2024-05-28 11:32:02,72
2024-05-28 11:37:53,73
2024-05-28 11:43:29,70
2024-05-28 11:45:08,70
2024-05-28 11:57:58,71
2024-05-28 12:00:36,80
2024-05-28 12:04:23,71
2024-05-28 12:08:36,72
2024-05-28 12:14:51,71
2024-05-28 12:14:56,71
2024-05-28 12:23:18,84
2024-05-28 12:13:42,78
2024-05-28 12:28:29,82
2024-05-28 12:30:59,87
2024-05-28 12:36:00,83
2024-05-28 12:40:02,76
2024-05-28 12:48:58,89
2024-05-28 12:45:26,78
2024-05-28 12:51:09,92
2024-05-28 12:51:14,92
2024-05-28 12:51:19,92
2024-05-28 12:51:20,91
2024-05-28 12:51:25,88
2024-05-28 12:51:34,83
2024-05-28 12:51:38,82
2024-05-28 12:51:43,83
2024-05-28 12:51:47,81
2024-05-28 12:51:54,83
2024-05-28 12:51:56,82
2024-05-28 12:52:04,78
2024-05-28 12:52:06,77
2024-05-28 12:52:14,84
2024-05-28 12:52:18,85
2024-05-28 12:52:21,86
2024-05-28 12:52:27,86
2024-05-28 12:52:31,86
2024-05-28 12:52:38,89
2024-05-28 12:52:41,91
2024-05-28 12:52:48,92
2024-05-28 12:52:50,92
2024-05-28 12:52:57,92
2024-05-28 12:53:03,93
2024-05-28 12:53:06,93
2024-05-28 12:53:11,92
2024-05-28 12:53:19,96
2024-05-28 12:53:24,96
2024-05-28 12:53:25,96
2024-05-28 12:53:31,96
2024-05-28 12:53:37,94
2024-05-28 12:53:40,94
2024-05-28 12:53:45,91
2024-05-28 12:53:52,92
2024-05-28 12:53:59,90
2024-05-28 12:54:03,91
2024-05-28 12:54:05,92
2024-05-28 12:54:14,97
2024-05-28 12:54:15,96
2024-05-28 12:54:22,98
2024-05-28 12:54:28,99
2024-05-28 12:54:31,98
2024-05-28 12:54:39,96
2024-05-28 12:54:43,95
2024-05-28 12:54:47,94
2024-05-28 12:54:50,95
2024-05-28 12:54:59,99
2024-05-28 12:55:02,100
2024-05-28 12:55:09,100
2024-05-28 12:55:10,99
2024-05-28 12:55:18,101
2024-05-28 12:55:23,104
2024-05-28 12:55:29,105
2024-05-28 12:55:33,104
2024-05-28 12:55:39,102
2024-05-28 12:55:40,102
2024-05-28 12:55:45,102
2024-05-28 12:55:54,102
2024-05-28 12:55:59,103
2024-05-28 12:56:02,103
2024-05-28 12:56:08,104
2024-05-28 12:56:14,105
2024-05-28 12:56:17,104
2024-05-28 12:56:20,105
2024-05-28 12:56:25,106
2024-05-28 12:56:30,106
2024-05-28 12:56:36,108
2024-05-28 12:56:44,107
2024-05-28 12:56:47,106
2024-05-28 12:56:53,105
2024-05-28 12:56:57,106
2024-05-28 12:57:01,106
2024-05-28 12:57:07,107
2024-05-28 12:57:14,107
2024-05-28 12:57:18,108
2024-05-28 12:57:20,107
2024-05-28 12:57:29,107
2024-05-28 12:57:30,106
2024-05-28 12:57:39,107
2024-05-28 12:57:41,107
2024-05-28 12:57:47,109
2024-05-28 12:57:54,108
2024-05-28 12:57:56,108
2024-05-28 12:58:01,108
2024-05-28 12:58:09,107
2024-05-28 12:58:10,107
2024-05-28 12:58:19,108
2024-05-28 12:58:20,108
2024-05-28 12:58:28,108
2024-05-28 12:58:31,107
2024-05-28 12:58:37,107
2024-05-28 12:58:44,108
2024-05-28 12:58:47,108
2024-05-28 12:58:54,107
2024-05-28 12:58:55,107
2024-05-28 12:59:03,107
2024-05-28 12:59:06,106
2024-05-28 12:59:14,105
2024-05-28 12:59:17,104
2024-05-28 12:59:20,103
2024-05-28 12:59:27,101
2024-05-28 12:59:30,100
2024-05-28 12:59:35,100
2024-05-28 12:59:40,100
2024-05-28 12:59:49,99
2024-05-28 12:59:52,99
2024-05-28 12:59:56,99
2024-05-28 13:00:03,98
2024-05-28 13:00:09,98
2024-05-28 13:00:14,98
2024-05-28 13:00:16,98
2024-05-28 13:00:23,99
2024-05-28 13:00:29,98
2024-05-28 13:00:30,98
2024-05-28 13:00:35,99
2024-05-28 13:00:44,97
2024-05-28 13:00:48,97
2024-05-28 13:00:51,99
2024-05-28 13:00:58,99
2024-05-28 13:01:01,100
2024-05-28 13:01:07,97
2024-05-28 13:01:14,97
2024-05-28 13:01:15,96
2024-05-28 13:01:22,96
2024-05-28 13:01:26,96
2024-05-28 13:01:32,95
2024-05-28 13:01:39,93
2024-05-28 13:01:43,93
2024-05-28 13:01:46,93
2024-05-28 13:01:50,92
2024-05-28 13:01:56,92
2024-05-28 13:02:03,91
2024-05-28 13:02:06,93
2024-05-28 13:02:13,93
2024-05-28 13:02:18,95
2024-05-28 13:02:21,95
2024-05-28 13:02:29,95
2024-05-28 13:02:30,95
2024-05-28 13:02:39,93
2024-05-28 13:02:43,94
2024-05-28 13:02:45,94
2024-05-28 13:02:51,92
2024-05-28 13:02:59,93
2024-05-28 13:03:00,93
2024-05-28 13:03:06,93
2024-05-28 13:03:11,92
2024-05-28 13:03:15,90
2024-05-28 13:03:24,90
2024-05-28 13:03:26,90
2024-05-28 13:03:34,94
2024-05-28 13:03:37,94
2024-05-28 13:03:43,93
2024-05-28 13:03:49,91
2024-05-28 13:03:53,92
2024-05-28 13:03:57,92
2024-05-28 13:04:04,90
2024-05-28 13:04:07,91
2024-05-28 13:04:14,87
2024-05-28 13:04:16,88
2024-05-28 13:04:20,88
2024-05-28 13:04:29,92
2024-05-28 13:04:32,92
2024-05-28 13:04:39,95
2024-05-28 13:04:41,94
2024-05-28 13:04:47,91
2024-05-28 13:04:54,89
2024-05-28 13:04:59,87
2024-05-28 13:05:00,87
2024-05-28 13:05:06,87
2024-05-28 13:05:12,85
2024-05-28 13:05:19,84
2024-05-28 13:05:20,85
2024-05-28 13:05:27,83
2024-05-28 13:05:33,84
2024-05-28 13:05:37,83
2024-05-28 13:05:42,84
2024-05-28 13:05:45,82
2024-05-28 13:05:54,77
2024-05-28 13:05:59,75
2024-05-28 13:06:00,75
2024-05-28 13:06:08,86
2024-05-28 13:06:10,87
2024-05-28 13:06:19,83
2024-05-28 13:06:24,84
2024-05-28 13:06:29,82
2024-05-28 13:06:32,83
2024-05-28 13:06:37,83
2024-05-28 13:06:42,84
2024-05-28 13:06:47,83
2024-05-28 13:06:53,84
2024-05-28 13:06:59,86
2024-05-28 13:07:01,86
2024-05-28 13:07:06,85
2024-05-28 13:07:11,85
2024-05-28 13:07:18,86
2024-05-28 13:07:24,88
2024-05-28 13:07:26,87
2024-05-28 13:07:31,87
2024-05-28 13:07:39,84
2024-05-28 13:07:42,84
2024-05-28 13:07:47,83
2024-05-28 13:07:51,83
2024-05-28 13:07:57,83
2024-05-28 13:08:03,84
2024-05-28 13:08:07,84
2024-05-28 13:08:12,85
2024-05-28 13:08:16,85
2024-05-28 13:08:24,81
2024-05-28 13:08:28,82
2024-05-28 13:08:30,81
2024-05-28 13:08:37,81
2024-05-28 13:08:43,82
2024-05-28 13:08:45,81
2024-05-28 13:08:54,73
2024-05-28 13:08:57,76
2024-05-28 13:09:01,79
2024-05-28 13:09:09,82
2024-05-28 13:09:10,82
2024-05-28 13:09:19,85
2024-05-28 13:09:22,85
2024-05-28 13:09:26,83
2024-05-28 13:09:34,82
2024-05-28 13:09:37,83
2024-05-28 13:09:43,83
2024-05-28 13:09:47,83
2024-05-28 13:09:52,84
2024-05-28 13:09:56,85
2024-05-28 13:10:03,85
2024-05-28 13:10:06,83
2024-05-28 13:10:12,86
2024-05-28 13:10:17,86
2024-05-28 13:10:20,86
2024-05-28 13:10:27,86
2024-05-28 13:10:33,85
2024-05-28 13:10:35,86
2024-05-28 13:10:40,86
2024-05-28 13:10:49,82
2024-05-28 13:10:50,83
2024-05-28 13:10:59,92
2024-05-28 13:11:04,91
2024-05-28 13:11:09,92
2024-05-28 13:11:12,93
2024-05-28 13:11:19,92
2024-05-28 13:11:23,90
2024-05-28 13:11:28,91
2024-05-28 13:11:33,94
2024-05-28 13:11:38,95
2024-05-28 13:11:40,95
2024-05-28 13:11:49,97
2024-05-28 13:11:50,96
2024-05-28 13:11:59,101
2024-05-28 13:12:01,101
2024-05-28 13:12:07,96
2024-05-28 13:12:13,90
2024-05-28 13:12:18,87
2024-05-28 13:12:22,87
2024-05-28 13:12:26,87
2024-05-28 13:12:32,88
2024-05-28 13:12:38,86
2024-05-28 13:12:43,85
2024-05-28 13:12:46,86
2024-05-28 13:12:51,84
2024-05-28 13:12:57,82
2024-05-28 13:13:00,80
2024-05-28 13:13:08,80
2024-05-28 13:13:14,78
2024-05-28 13:13:25,80
2024-05-28 13:13:30,83
2024-05-28 13:13:35,85
2024-05-28 13:13:44,82
2024-05-28 13:13:47,81
2024-05-28 13:13:52,79
2024-05-28 13:13:59,76
2024-05-28 13:14:01,76
2024-05-28 13:14:07,77
2024-05-28 13:14:24,75
2024-05-28 13:14:35,74
2024-05-28 13:14:43,73
2024-05-28 13:14:49,72
2024-05-28 13:14:51,70
2024-05-28 14:07:57,63
2024-05-28 14:08:24,63.9419
2024-05-28 14:11:20,64
2024-05-28 14:14:20,65
2024-05-28 14:19:46,68
2024-05-28 14:26:28,66
2024-05-28 14:31:51,66
2024-05-28 14:34:38,67
2024-05-28 14:42:31,67
2024-05-28 14:43:45,70
2024-05-28 14:53:27,64
2024-05-28 14:58:24,67
2024-05-28 15:02:49,67
2024-05-28 15:06:00,65
2024-05-28 15:11:48,68
2024-05-28 15:14:17,64
2024-05-28 15:19:49,64
2024-05-28 15:25:53,66
2024-05-28 15:28:45,65
2024-05-28 15:38:07,69
2024-05-28 15:43:05,63
2024-05-28 15:45:33,63
2024-05-28 15:49:28,63
2024-05-28 15:55:44,65
2024-05-28 16:00:29,66
2024-05-28 16:04:17,63
2024-05-28 16:08:58,66
2024-05-28 16:15:07,64
2024-05-28 16:19:06,69
2024-05-28 16:26:23,66
2024-05-28 16:29:44,64
2024-05-28 16:38:30,64
2024-05-28 16:39:45,68
2024-05-28 16:43:37,68
2024-05-28 16:51:52,66
2024-05-28 16:55:48,67
2024-05-28 17:01:19,66
2024-05-28 17:04:47,64
2024-05-28 17:11:48,61
2024-05-28 17:16:07,60
2024-05-28 17:22:10,74
2024-05-28 17:28:27,69
2024-05-28 17:29:41,67
2024-05-28 17:36:00,73
2024-05-28 17:42:31,69
2024-05-28 17:47:24,67
2024-05-28 20:53:00,65
2024-05-28 20:53:05,63
2024-05-28 20:53:10,62
2024-05-28 20:53:15,61
2024-05-28 20:53:20,60
2024-05-28 20:53:22,60
2024-05-28 20:53:28,60
2024-05-28 20:53:31,60
2024-05-28 20:53:36,64
2024-05-28 20:53:41,72
2024-05-28 20:53:47,86
2024-05-28 20:53:55,90
2024-05-28 20:54:00,90
2024-05-28 20:54:05,92
2024-05-28 20:54:10,94
2024-05-28 20:54:14,94
2024-05-28 20:54:19,95
2024-05-28 20:54:21,95
2024-05-28 20:54:29,93
2024-05-28 20:54:34,93
2024-05-28 20:54:39,93
2024-05-28 20:54:45,93
2024-05-28 20:54:47,95
2024-05-28 20:54:55,96
2024-05-28 20:54:58,95
2024-05-28 20:55:04,92
2024-05-28 20:55:10,94
2024-05-28 20:55:15,96
2024-05-28 20:55:20,95
2024-05-28 20:55:21,95
2024-05-28 20:55:27,95
2024-05-28 20:55:32,91
2024-05-28 20:55:40,84
2024-05-28 20:55:45,86
2024-05-28 20:55:47,86
2024-05-28 20:55:55,81
2024-05-28 20:55:57,82
2024-05-28 20:56:05,84
2024-05-28 20:56:09,82
2024-05-28 20:56:11,83
2024-05-28 20:56:18,83
2024-05-28 20:56:21,84
2024-05-28 20:56:26,82
2024-05-28 20:56:33,78
2024-05-28 20:56:38,84
2024-05-28 20:56:41,84
2024-05-28 20:56:50,79
2024-05-28 20:56:55,81
2024-05-28 20:56:59,83
2024-05-28 20:57:05,85
2024-05-28 20:57:09,86
2024-05-28 20:57:11,87
2024-05-28 20:57:20,88
2024-05-28 20:57:25,87
2024-05-28 20:57:26,87
2024-05-28 20:57:33,88
2024-05-28 20:57:37,85
2024-05-28 20:57:41,83
2024-05-28 20:57:50,78
2024-05-28 20:57:53,78
2024-05-28 20:58:00,81
2024-05-28 20:58:03,82
2024-05-28 20:58:07,82
2024-05-28 20:58:16,81
2024-05-28 20:58:20,81
2024-05-28 20:58:23,80
2024-05-28 20:58:32,80
2024-05-28 20:58:36,79
2024-05-28 20:58:39,81
2024-05-28 20:58:48,78
2024-05-28 20:58:52,78
2024-05-28 20:58:54,78
2024-05-28 20:59:03,80
2024-05-28 20:59:08,83
2024-05-28 20:59:09,83
2024-05-28 20:59:15,85
2024-05-28 20:59:23,91
2024-05-28 20:59:28,92
2024-05-28 20:59:33,93
2024-05-28 20:59:36,92
2024-05-28 20:59:40,93
2024-05-28 20:59:46,95
2024-05-28 20:59:51,95
2024-05-28 20:59:54,94
2024-05-28 21:00:02,95
2024-05-28 21:00:07,95
2024-05-28 21:00:13,95
2024-05-28 21:00:16,96
2024-05-28 21:00:21,96
2024-05-28 21:00:24,95
2024-05-28 21:00:29,93
2024-05-28 21:00:36,90
2024-05-28 21:00:43,93
2024-05-28 21:00:47,92
2024-05-28 21:00:49,94
2024-05-28 21:00:57,94
2024-05-28 21:00:59,95
2024-05-28 21:01:05,98
2024-05-28 21:01:12,99
2024-05-28 21:01:17,99
2024-05-28 21:01:23,100
2024-05-28 21:01:25,100
2024-05-28 21:01:29,100
2024-05-28 21:01:36,96
2024-05-28 21:01:43,89
2024-05-28 21:01:48,90
2024-05-28 21:01:52,89
2024-05-28 21:01:58,88
2024-05-28 21:01:59,88
2024-05-28 21:02:04,89
2024-05-28 21:02:11,90
2024-05-28 21:02:18,90
2024-05-28 21:02:19,90
2024-05-28 21:02:24,87
2024-05-28 21:02:32,94
2024-05-28 21:02:36,89
2024-05-28 21:02:39,88
2024-05-28 21:02:48,91
2024-05-28 21:02:53,96
2024-05-28 21:02:58,96
2024-05-28 21:03:02,97
2024-05-28 21:03:07,99
2024-05-28 21:03:13,103
2024-05-28 21:03:15,104
2024-05-28 21:03:20,104
2024-05-28 21:03:25,101
2024-05-28 21:03:33,94
2024-05-28 21:03:36,94
2024-05-28 21:03:42,94
2024-05-28 21:03:44,94
2024-05-28 21:03:49,89
2024-05-28 21:03:58,80
2024-05-28 21:04:00,80
2024-05-28 21:04:04,79
2024-05-28 21:04:13,73
2024-05-28 21:04:18,73
2024-05-28 21:04:19,73
2024-05-28 21:04:24,72
2024-05-28 21:04:33,69
2024-05-28 21:04:37,69
2024-05-28 21:04:39,69
2024-05-28 21:04:44,71
2024-05-28 21:04:53,83
2024-05-28 21:04:58,88
2024-05-28 21:05:03,88
2024-05-28 21:05:04,89
2024-05-28 21:05:13,97
2024-05-28 21:05:15,97
2024-05-28 21:05:23,97
2024-05-28 21:05:28,98
2024-05-28 21:05:29,98
2024-05-28 21:05:35,98
2024-05-28 21:05:42,99
2024-05-28 21:05:47,99
2024-05-28 21:05:49,99
2024-05-28 21:05:58,92
2024-05-28 21:06:00,93
2024-05-28 21:06:05,93
2024-05-28 21:06:12,95
2024-05-28 21:06:16,95
2024-05-28 21:06:19,96
2024-05-28 21:06:28,93
2024-05-28 21:06:30,93
2024-05-28 21:06:34,95
2024-05-28 21:06:40,99
2024-05-28 21:06:44,98
2024-05-28 21:06:53,89
2024-05-28 21:06:58,91
2024-05-28 21:07:00,91
2024-05-28 21:07:08,88
2024-05-28 21:07:09,88
2024-05-28 21:07:15,88
2024-05-28 21:07:19,89
2024-05-28 21:07:24,88
2024-05-28 21:07:33,89
2024-05-28 21:07:34,89
2024-05-28 21:07:39,86
2024-05-28 21:07:48,79
2024-05-28 21:07:50,80
2024-05-28 21:07:57,81
2024-05-28 21:08:00,82
2024-05-28 21:08:08,81
2024-05-28 21:08:12,84
2024-05-28 21:08:14,84
2024-05-28 21:08:23,82
2024-05-28 21:08:27,85
2024-05-28 21:08:31,86
2024-05-28 21:08:37,82
2024-05-28 21:08:43,79
2024-05-28 21:08:44,79
2024-05-28 21:08:53,86
2024-05-28 21:08:58,87
2024-05-28 21:08:59,88
2024-05-28 21:09:08,92
2024-05-28 21:09:13,94
2024-05-28 21:09:17,95
2024-05-28 21:09:20,97
2024-05-28 21:09:28,103
2024-05-28 21:09:33,103
2024-05-28 21:09:38,102
2024-05-28 21:09:43,105
2024-05-28 21:09:44,106
2024-05-28 21:09:49,101
2024-05-28 21:09:57,87
2024-05-28 21:10:01,82
2024-05-28 21:10:08,76
2024-05-28 21:10:11,75
2024-05-28 21:10:17,72
2024-05-28 21:10:22,71
2024-05-28 21:10:25,71
2024-05-28 21:10:30,69
2024-05-28 21:10:38,66
2024-05-28 21:10:40,65
2024-05-28 21:10:45,65
2024-05-28 21:10:49,65
2024-05-28 21:10:58,62
2024-05-28 21:11:02,61
2024-05-28 21:11:05,60
2024-05-28 21:11:11,61
2024-05-28 21:11:14,61
2024-05-28 21:11:23,61
2024-05-28 21:11:28,61
2024-05-28 21:11:29,61
2024-05-28 21:11:36,61
2024-05-28 21:11:39,62
2024-05-28 21:11:48,63
2024-05-28 21:11:52,63
2024-05-28 21:11:54,63
2024-05-28 21:12:03,67
2024-05-28 21:12:08,67
2024-05-28 21:12:10,66
2024-05-28 21:12:16,66
2024-05-28 21:12:23,68
2024-05-28 21:12:25,67
2024-05-28 21:12:29,67
2024-05-28 21:12:34,66
2024-05-28 21:12:43,64
2024-05-28 21:12:44,64
2024-05-28 21:12:53,61
2024-05-28 21:12:58,61
2024-05-28 21:13:00,61
2024-05-28 21:13:07,61
2024-05-28 21:13:13,60
2024-05-28 21:13:18,61
2024-05-28 21:13:19,61
2024-05-28 21:13:28,65
2024-05-28 21:13:29,65
2024-05-28 21:13:38,68
2024-05-28 21:13:40,68
2024-05-28 21:13:44,66
2024-05-28 21:13:53,64
2024-05-28 21:13:58,64
2024-05-28 21:13:59,64
2024-05-28 21:14:08,63
2024-05-28 21:14:13,64
2024-05-28 21:14:18,64
2024-05-28 21:14:23,64
2024-05-28 21:14:25,64
2024-05-28 21:14:33,61
2024-05-28 21:14:36,61
2024-05-28 21:14:39,63
2024-05-28 21:14:46,63
2024-05-28 21:14:49,63
2024-05-28 21:14:58,64
2024-05-28 21:15:01,63
2024-05-28 21:15:07,62
2024-05-28 21:15:13,61
2024-05-28 21:15:16,61
2024-05-28 21:15:19,61
2024-05-28 21:15:28,58
2024-05-28 21:15:30,59
2024-05-28 21:15:38,64
2024-05-28 21:15:41,64
2024-05-28 21:15:48,60
2024-05-28 21:15:52,60
2024-05-28 21:15:58,61
2024-05-28 21:16:03,59
2024-05-28 21:16:05,59
2024-05-28 21:16:13,64
2024-05-28 21:16:15,65
2024-05-28 21:16:23,67
2024-05-28 21:16:27,67
2024-05-28 21:16:33,66
2024-05-28 21:16:37,66
2024-05-28 21:16:41,66
2024-05-28 21:16:47,66
2024-05-28 21:16:53,67
2024-05-28 21:17:30,60
2024-05-29 08:13:23,59
2024-05-29 08:16:39,60
2024-05-29 08:22:51,64
2024-05-29 08:26:04,63
2024-05-29 08:32:42,63.4648
2024-05-29 08:29:07,63
2024-05-29 08:34:42,59
2024-05-29 08:45:16,68
2024-05-29 08:48:52,77
2024-05-29 08:39:09,58
2024-05-29 08:57:02,64
2024-05-29 09:01:08,66
2024-05-29 09:03:36,62
2024-05-29 09:09:53,67
2024-05-29 09:13:55,63
2024-05-29 09:22:44,60
2024-05-29 09:23:10,59
2024-05-29 09:28:26,59
2024-05-29 09:31:54,63
2024-05-29 09:43:48,86
2024-05-29 09:37:17,59
2024-05-29 09:49:40,90
2024-05-29 09:45:24,64
2024-05-29 09:53:55,85
2024-05-29 09:50:49,69
2024-05-29 09:56:00,64
2024-05-29 10:01:08,67
2024-05-29 10:04:42,67
2024-05-29 10:12:07,67
2024-05-29 10:14:50,66.1548
2024-05-29 10:16:05,67
2024-05-29 10:23:22,67
2024-05-29 10:25:14,63
2024-05-29 10:32:55,64
2024-05-29 10:34:07,63
2024-05-29 10:41:15,66
2024-05-29 10:44:24,63
2024-05-29 10:49:16,63
2024-05-29 10:56:22,66
2024-05-29 10:59:53,68
2024-05-29 11:04:56,60
2024-05-29 11:11:17,59
2024-05-29 11:13:39,63
2024-05-29 11:18:40,61
2024-05-29 11:26:57,63
2024-05-29 11:29:08,62
2024-05-29 11:37:51,63
2024-05-29 11:43:30,59
2024-05-29 11:48:04,59
2024-05-29 11:52:44,61
2024-05-29 11:54:53,56
2024-05-29 12:00:05,61
2024-05-29 12:07:06,56
2024-05-29 12:14:37,81
2024-05-29 12:09:02,60
2024-05-29 12:18:33,57
2024-05-29 12:20:10,58
2024-05-29 12:27:23,55
2024-05-29 12:32:18,54
2024-05-29 12:35:06,54
2024-05-29 12:38:50,54
2024-05-29 12:43:41,56
2024-05-29 12:51:19,59
2024-05-29 12:55:58,61
2024-05-29 13:02:31,59
2024-05-29 13:06:34,73
2024-05-29 13:10:51,68
2024-05-29 13:04:07,59
2024-05-29 13:14:37,63
2024-05-29 13:20:49,58
2024-05-29 13:25:18,68
2024-05-29 13:32:20,67
2024-05-29 13:36:52,75
2024-05-29 13:33:41,69
2024-05-29 13:40:37,65
2024-05-29 13:52:08,64
2024-05-29 13:58:11,65
2024-05-29 13:59:27,66
2024-05-29 14:05:42,67
2024-05-29 14:10:38,68
2024-05-29 14:15:21,68
2024-05-29 14:19:26,71
2024-05-29 14:23:46,68
2024-05-29 14:28:37,70
2024-05-29 14:37:22,70
2024-05-29 14:41:48,68
2024-05-29 14:43:48,65
2024-05-29 14:52:27,68
2024-05-29 14:54:52,67
2024-05-29 15:02:36,67
2024-05-29 15:07:59,67
2024-05-29 15:13:20,67
2024-05-29 15:16:53,66
2024-05-29 15:19:18,68
2024-05-29 15:25:18,67
2024-05-29 15:31:48,68
2024-05-29 15:34:18,67
2024-05-29 15:41:32,64
2024-05-29 15:43:55,67
2024-05-29 15:53:02,67
2024-05-29 15:55:07,71
2024-05-29 16:01:33,65.5893
2024-05-29 16:01:29,67
2024-05-29 16:04:32,68
2024-05-29 16:08:37,67
2024-05-29 16:17:37,77
2024-05-29 16:19:35,85
2024-05-29 16:24:37,66
2024-05-29 16:31:45,66
2024-05-29 16:37:51,58
2024-05-29 20:31:17,88
2024-05-29 20:33:54,86
2024-05-29 20:28:12,80
2024-05-29 20:40:25,88
2024-05-29 20:53:22,90
2024-05-29 20:35:12,83
2024-05-29 20:56:57,74
2024-05-29 20:58:44,78
2024-05-29 21:31:26,91
2024-05-29 21:33:51,85
2024-05-29 21:35:48,90
2024-05-29 21:39:57,71.9421
2024-05-29 21:41:24,69
2024-05-29 21:41:40,73
2024-05-29 21:41:45,70
2024-05-29 21:41:50,69
2024-05-29 21:41:55,68
2024-05-29 21:42:00,68
2024-05-29 21:40:42,73
2024-05-29 21:45:55,78
2024-05-29 21:52:15,73
2024-05-29 21:56:50,72
2024-05-29 22:01:48,66
2024-05-30 06:40:52,67
2024-05-30 08:23:04,66
2024-05-30 08:25:33,63
2024-05-30 08:32:21,68
2024-05-30 08:32:13,66.6749
2024-05-30 08:29:11,67
2024-05-30 08:33:37,68
2024-05-30 08:39:55,64
2024-05-30 08:46:34,63
2024-05-30 08:52:27,63
2024-05-30 08:58:27,60
2024-05-30 09:02:27,61
2024-05-30 09:00:16,59
2024-05-30 09:04:07,59
2024-05-30 09:11:06,63
2024-05-30 09:13:36,63
2024-05-30 09:22:57,60
2024-05-30 09:32:28,63
2024-05-30 09:26:15,60
2024-05-30 09:29:31,60
2024-05-30 09:35:16,63
2024-05-30 09:38:39,63
2024-05-30 09:43:48,61
2024-05-30 09:48:39,61
2024-05-30 09:53:37,60
2024-05-30 09:58:57,60
2024-05-30 10:04:35,65
2024-05-30 10:17:18,85
2024-05-30 10:20:15,79
2024-05-30 10:14:22,67
2024-05-30 10:20:39,68
2024-05-30 10:28:01,72
2024-05-30 10:29:09,64
2024-05-30 10:34:39,68
2024-05-30 10:47:05,66
2024-05-30 10:54:44,78
2024-05-30 10:51:52,67
2024-05-30 10:57:09,82
2024-05-30 10:59:41,100
2024-05-30 10:55:50,71
2024-05-30 11:05:23,80
2024-05-30 11:01:48,68
2024-05-30 11:08:33,69
2024-05-30 11:12:17,84
2024-05-30 11:14:36,98
2024-05-30 11:17:01,85
2024-05-30 11:09:40,70
2024-05-30 11:19:58,78
2024-05-30 11:18:23,78
2024-05-30 11:23:28,66
2024-05-30 11:27:16,66
2024-05-30 11:33:02,67
2024-05-30 11:29:38,65
2024-05-30 11:35:19,64.999
2024-05-30 11:37:56,84
2024-05-30 11:40:28,71
2024-05-30 11:35:30,68
2024-05-30 11:40:52,61
2024-05-30 11:47:18,71
2024-05-30 11:44:47,61
2024-05-30 11:55:05,86
2024-05-30 11:52:24,69
2024-05-30 12:00:01,74
2024-05-30 12:02:33,69
2024-05-30 11:56:39,55
2024-05-30 12:06:58,62
2024-05-30 12:07:58,59
2024-05-30 12:11:57,57
2024-05-30 12:22:20,60
2024-05-30 12:28:10,59
2024-05-30 12:30:03,57
2024-05-30 12:37:12,56
2024-05-30 12:40:08,58
2024-05-30 12:46:12,56
2024-05-30 12:56:32,70
2024-05-30 12:52:40,56
2024-05-30 13:01:14,72
2024-05-30 12:58:14,71
2024-05-30 13:05:42,91
2024-05-30 13:03:27,64
2024-05-30 13:12:05,66
2024-05-30 13:15:35,60
2024-05-30 13:23:14,72
2024-05-30 13:19:03,72
2024-05-30 13:27:07,65
2024-05-30 13:31:15,71
2024-05-30 13:28:40,64
2024-05-30 13:38:31,56
2024-05-30 13:45:54,54
2024-05-30 13:40:23,56
2024-05-30 13:47:45,58
2024-05-30 13:49:47,55
2024-05-30 13:53:56,54
2024-05-30 14:00:54,58
2024-05-30 14:07:07,60
2024-05-30 14:13:06,60
2024-05-30 14:14:08,60.9377
2024-05-30 14:14:13,60
2024-05-30 14:19:17,65
2024-05-30 14:27:34,66
2024-05-30 14:28:48,65
2024-05-30 14:37:14,60
2024-05-30 14:41:27,62
2024-05-30 14:44:27,64
2024-05-30 14:50:08,67
2024-05-30 14:56:45,64
2024-05-30 14:58:41,64
2024-05-30 15:05:08,63
2024-05-30 15:11:30,79
2024-05-30 15:13:55,78
2024-05-30 15:16:34,71
2024-05-30 15:09:00,67
2024-05-30 15:17:24,65
2024-05-30 15:22:26,67
2024-05-30 15:26:49,68
2024-05-30 15:29:24,76
2024-05-30 15:32:00,77
2024-05-30 15:24:06,65
2024-05-30 15:33:13,60
2024-05-30 15:37:07,63
2024-05-30 15:40:45,62
2024-05-30 15:46:40,66
2024-05-30 15:48:24,63
2024-05-30 15:51:31,64
2024-05-30 15:59:31,82
2024-05-30 15:54:09,63
2024-05-30 16:01:47,64
2024-05-30 16:03:48,69
2024-05-30 16:11:58,63
2024-05-30 16:15:46,68
2024-05-30 16:26:35,64
2024-05-30 16:29:40,66
2024-05-30 16:35:01,67
2024-05-30 16:42:39,62
2024-05-30 16:45:46,64
2024-05-30 16:56:23,62
2024-05-30 16:58:37,63
2024-05-30 17:07:51,62
2024-05-30 17:13:29,61
2024-05-30 17:15:11,59
2024-05-30 17:22:01,59
2024-05-30 17:25:30,55
2024-05-30 17:25:26,57
2024-05-30 17:31:17,63
2024-05-30 17:33:42,63
2024-05-30 17:40:56,60
2024-05-30 17:47:30,63
2024-05-30 17:49:25,59
2024-05-30 17:56:53,63
2024-05-30 18:00:21,62
2024-05-30 18:06:11,64
2024-05-30 18:10:51,62
2024-05-30 18:18:29,59
2024-05-30 18:20:32,58
2024-05-30 18:25:00,60
2024-05-30 18:35:22,58.6775
2024-05-30 18:34:53,59
2024-05-30 18:39:17,58
2024-05-30 18:48:28,58
2024-05-30 18:57:58,59
2024-05-30 19:01:30,69
2024-05-30 19:05:19,64
2024-05-30 19:11:48,54
2024-05-30 19:15:37,54
2024-05-30 19:22:10,56
2024-05-30 19:24:34,55
2024-05-30 19:28:49,56
2024-05-30 19:41:40,57
2024-05-30 19:43:43,56
2024-05-30 19:49:07,55
2024-05-30 19:54:25,55
2024-05-30 20:02:28,58
2024-05-30 20:06:50,57
2024-05-30 20:11:15,59
2024-05-30 20:17:27,61
2024-05-30 20:20:50,58
2024-05-30 20:24:59,57
2024-05-30 20:28:57,58
2024-05-30 20:36:56,60
2024-05-30 20:41:08,55
2024-05-30 20:44:29,56
2024-05-30 20:51:59,64
2024-05-30 20:54:13,59
2024-05-30 21:02:36,59
2024-05-30 21:05:27,62
2024-05-30 21:10:52,58
2024-05-30 21:16:42,60
2024-05-30 21:21:18,62
2024-05-30 21:26:18,60
2024-05-30 21:28:53,61
2024-05-30 21:36:56,61
2024-05-30 21:40:12,62
2024-05-30 21:43:53,58
2024-05-30 21:49:58,59
2024-05-30 21:54:56,61
2024-05-30 22:00:59,58
2024-05-31 22:53:15,68
2024-05-31 22:57:09,69
2024-05-31 23:02:23,67
2024-05-31 23:07:09,63
2024-06-01 03:13:15,56
2024-06-01 03:14:23,64.5075
2024-06-01 03:17:26,77
2024-06-01 03:14:28,58
2024-06-01 03:18:51,99
2024-06-01 03:18:56,99
2024-06-01 03:19:00,98
2024-06-01 03:19:02,98
2024-06-01 03:19:07,103
2024-06-01 03:19:16,113
2024-06-01 03:19:21,114
2024-06-01 03:19:23,113
2024-06-01 03:19:28,112
2024-06-01 03:19:32,113
2024-06-01 03:19:37,115
2024-06-01 03:19:45,121
2024-06-01 03:19:47,122
2024-06-01 03:19:55,131
2024-06-01 03:19:58,132
2024-06-01 03:20:04,134
2024-06-01 03:20:11,138
2024-06-01 03:20:16,140
2024-06-01 03:20:20,139
2024-06-01 03:20:25,135
2024-06-01 03:20:30,136
2024-06-01 03:20:36,139
2024-06-01 03:20:41,140
2024-06-01 03:20:45,138
2024-06-01 03:20:50,137
2024-06-01 03:20:54,136
2024-06-01 03:20:57,136
2024-06-01 03:21:05,138
2024-06-01 03:21:11,142
2024-06-01 03:21:13,144
2024-06-01 03:21:21,146
2024-06-01 03:21:22,146
2024-06-01 03:21:30,142
2024-06-01 03:21:36,140
2024-06-01 03:21:41,138
2024-06-01 03:21:43,138
2024-06-01 03:21:50,136
2024-06-01 03:21:54,136
2024-06-01 03:21:58,134
2024-06-01 03:22:06,127
2024-06-01 03:22:11,126
2024-06-01 03:22:12,127
2024-06-01 03:22:17,126
2024-06-01 03:22:23,127
2024-06-01 03:22:27,128
2024-06-01 03:22:32,127
2024-06-01 03:22:37,126
2024-06-01 03:22:46,128
2024-06-01 03:22:47,130
2024-06-01 03:22:55,139
2024-06-01 03:22:59,142
2024-06-01 03:23:05,142
2024-06-01 03:23:10,142
2024-06-01 03:23:16,142
2024-06-01 03:23:17,141
2024-06-01 03:23:22,139
2024-06-01 03:23:28,131
2024-06-01 03:23:36,121
2024-06-01 03:23:37,121
2024-06-01 03:23:44,120
2024-06-01 03:23:48,120
2024-06-01 03:23:53,117
2024-06-01 03:34:04,138
2024-06-01 03:37:09,133
2024-06-01 03:41:27,91
2024-06-01 03:27:58,85
2024-06-01 03:44:14,92
2024-06-01 03:53:13,115
2024-06-01 03:53:18,109
2024-06-01 03:53:22,108
2024-06-01 03:53:26,109
2024-06-01 03:53:31,111
2024-06-01 03:53:34,113
2024-06-01 03:53:41,114
2024-06-01 03:53:47,115
2024-06-01 03:53:51,114
2024-06-01 03:53:57,113
2024-06-01 03:54:03,111
2024-06-01 03:54:07,112
2024-06-01 03:54:09,112
2024-06-01 03:54:15,110
2024-06-01 03:54:19,110
2024-06-01 03:54:26,108
2024-06-01 03:54:29,107
2024-06-01 03:54:36,112
2024-06-01 03:54:43,113
2024-06-01 03:54:48,110
2024-06-01 03:54:53,109
2024-06-01 03:54:54,109
2024-06-01 03:54:59,109
2024-06-01 03:55:07,109
2024-06-01 03:55:12,109
2024-06-01 03:55:18,107
2024-06-01 03:55:19,108
2024-06-01 03:55:25,110
2024-06-01 03:55:32,104
2024-06-01 03:55:37,103
2024-06-01 03:55:43,104
2024-06-01 03:55:46,104
2024-06-01 03:55:50,104
2024-06-01 03:55:57,102
2024-06-01 03:56:02,103
2024-06-01 03:56:04,103
2024-06-01 03:56:13,101
2024-06-01 03:56:14,101
2024-06-01 03:56:23,102
2024-06-01 03:56:26,102
2024-06-01 03:56:30,100
2024-06-01 03:56:37,99
2024-06-01 03:56:41,99
2024-06-01 03:56:48,99
2024-06-01 03:56:53,98
2024-06-01 03:56:54,99
2024-06-01 03:57:00,96
2024-06-01 03:57:04,96
2024-06-01 03:57:11,93
2024-06-01 03:57:17,97
2024-06-01 03:57:20,97
2024-06-01 03:57:27,94
2024-06-01 03:57:32,98
2024-06-01 03:57:37,100
2024-06-01 03:57:43,99
2024-06-01 03:57:45,98
2024-06-01 03:57:50,99
2024-06-01 03:57:57,94
2024-06-01 03:58:01,92
2024-06-01 03:58:07,92
2024-06-01 04:02:41,94
2024-06-01 04:05:25,99
2024-06-01 04:11:42,100
2024-06-01 04:25:44,124
2024-06-01 04:14:01,85
2024-06-01 04:27:38,117
2024-06-01 04:27:42,119
2024-06-01 04:27:48,121
2024-06-01 04:27:52,123
2024-06-01 04:27:55,123
2024-06-01 04:28:00,125
2024-06-01 04:28:04,127
2024-06-01 04:28:12,131
2024-06-01 04:28:17,131
2024-06-01 04:28:19,131
2024-06-01 04:28:27,124
2024-06-01 04:28:29,123
2024-06-01 04:28:34,120
2024-06-01 04:28:42,114
2024-06-01 04:28:47,112
2024-06-01 04:28:49,110
2024-06-01 04:28:56,99
2024-06-01 04:29:01,92
2024-06-01 04:29:05,96
2024-06-01 04:29:13,110
2024-06-01 04:29:17,113
2024-06-01 04:29:23,113
2024-06-01 04:29:26,114
2024-06-01 04:29:29,114
2024-06-01 04:29:38,120
2024-06-01 04:29:43,119
2024-06-01 04:29:44,120
2024-06-01 04:29:53,121
2024-06-01 04:29:55,121
2024-06-01 04:29:59,121
2024-06-01 04:30:05,120
2024-06-01 04:30:09,118
2024-06-01 04:30:17,115
2024-06-01 04:30:23,113
2024-06-01 04:30:25,113
2024-06-01 04:30:29,111
2024-06-01 04:30:37,100
2024-06-01 04:30:43,98
2024-06-01 04:30:45,98
2024-06-01 04:30:49,102
2024-06-01 04:30:54,108
2024-06-01 04:31:03,113
2024-06-01 04:31:07,114
2024-06-01 04:31:13,116
2024-06-01 04:31:16,116
2024-06-01 04:31:21,117
2024-06-01 04:31:27,114
2024-06-01 04:31:29,113
2024-06-01 04:31:34,108
2024-06-01 04:31:39,103
2024-06-01 04:31:48,107
2024-06-01 04:31:53,110
2024-06-01 04:31:58,113
2024-06-01 04:32:03,115
2024-06-01 04:32:08,114
2024-06-01 04:32:10,114
2024-06-01 04:32:15,116
2024-06-01 04:32:23,119
2024-06-01 04:32:28,120
2024-06-01 04:32:31,121
2024-06-01 04:32:36,123
2024-06-01 04:32:40,123
2024-06-01 04:32:47,123
2024-06-01 04:32:52,125
2024-06-01 04:32:55,125
2024-06-01 04:32:59,125
2024-06-01 04:33:08,125
2024-06-01 04:33:09,126
2024-06-01 04:33:18,126
2024-06-01 04:33:20,125
2024-06-01 04:33:24,125
2024-06-01 04:33:33,121
2024-06-01 04:42:46,99
2024-06-01 04:50:21,117
2024-06-01 04:54:05,111
2024-06-01 04:45:20,102
2024-06-01 04:57:03,90
2024-06-01 05:03:34,104
2024-06-01 05:03:38,105
2024-06-01 05:03:43,107
2024-06-01 05:03:49,107
2024-06-01 05:03:53,105
2024-06-01 05:03:55,105
2024-06-01 05:04:04,103
2024-06-01 05:04:05,104
2024-06-01 05:04:10,105
2024-06-01 05:04:19,102
2024-06-01 05:04:24,102
2024-06-01 05:04:28,103
2024-06-01 05:04:33,104
2024-06-01 05:04:35,104
2024-06-01 05:04:42,102
2024-06-01 05:04:49,99
2024-06-01 05:04:51,99
2024-06-01 05:04:59,99
2024-06-01 05:05:00,100
2024-06-01 05:05:05,102
2024-06-01 05:05:14,99
2024-06-01 05:05:15,100
2024-06-01 05:05:23,104
2024-06-01 05:05:28,107
2024-06-01 05:05:30,107
2024-06-01 05:05:39,112
2024-06-01 05:05:40,112
2024-06-01 05:05:49,108
2024-06-01 05:05:54,107
2024-06-01 05:05:55,106
2024-06-01 05:06:03,104
2024-06-01 05:06:09,103
2024-06-01 05:06:10,102
2024-06-01 05:06:17,99
2024-06-01 05:06:22,103
2024-06-01 05:06:27,107
2024-06-01 05:06:34,103
2024-06-01 05:06:35,104
2024-06-01 05:06:40,106
2024-06-01 05:06:47,107
2024-06-01 05:06:52,107
2024-06-01 05:06:55,107
2024-06-01 05:07:01,104
2024-06-01 05:07:05,104
2024-06-01 05:07:14,99
2024-06-01 05:07:17,99
2024-06-01 05:07:20,98
2024-06-01 05:07:28,93
2024-06-01 05:07:34,98
2024-06-01 05:07:35,98
2024-06-01 05:07:44,104
2024-06-01 05:07:45,104
2024-06-01 05:07:54,107
2024-06-01 05:07:58,105
2024-06-01 05:08:03,106
2024-06-01 05:08:09,106
2024-06-01 05:08:10,106
2024-06-01 05:08:16,106
2024-06-01 05:08:20,105
2024-06-01 05:08:26,103
2024-06-01 05:08:30,101
2024-06-01 05:10:22,97
2024-06-01 05:14:05,85
2024-06-01 05:19:50,99
2024-06-01 05:28:00,85
2024-06-01 05:38:15,126
2024-06-01 05:38:20,123
2024-06-01 05:38:23,121
2024-06-01 05:38:27,120
2024-06-01 05:38:31,116
2024-06-01 05:38:37,114
2024-06-01 05:38:44,111
2024-06-01 05:38:49,110
2024-06-01 05:38:51,108
2024-06-01 05:38:56,105
2024-06-01 05:39:01,103
2024-06-01 05:39:10,96
2024-06-01 05:39:15,95
2024-06-01 05:39:20,93
2024-06-01 05:39:21,93
2024-06-01 05:39:26,95
2024-06-01 05:39:32,103
2024-06-01 05:39:40,112
2024-06-01 05:39:45,113
2024-06-01 05:39:48,113
2024-06-01 05:39:54,115
2024-06-01 05:39:58,117
2024-06-01 05:40:02,117
2024-06-01 05:40:07,116
2024-06-01 05:40:12,116
2024-06-01 05:40:17,115
2024-06-01 05:40:22,114
2024-06-01 05:40:27,112
2024-06-01 05:40:35,109
2024-06-01 05:40:36,108
2024-06-01 05:40:44,105
2024-06-01 05:40:47,103
2024-06-01 05:40:52,101
2024-06-01 05:40:56,105
2024-06-01 05:41:04,115
2024-06-01 05:41:10,120
2024-06-01 05:41:13,121
2024-06-01 05:41:20,125
2024-06-01 05:41:25,128
2024-06-01 05:41:30,129
2024-06-01 05:41:34,129
2024-06-01 05:41:37,129
2024-06-01 05:41:45,125
2024-06-01 05:41:50,122
2024-06-01 05:41:51,121
2024-06-01 05:42:00,113
2024-06-01 05:42:05,108
2024-06-01 05:42:10,105
2024-06-01 05:42:11,105
2024-06-01 05:42:19,102
2024-06-01 05:42:25,111
2024-06-01 05:42:30,115
2024-06-01 05:42:35,115
2024-06-01 05:42:38,116
2024-06-01 05:42:45,116
2024-06-01 05:42:46,117
2024-06-01 05:42:54,119
2024-06-01 05:42:56,120
2024-06-01 05:43:04,132
2024-06-01 05:43:10,135
2024-06-01 05:43:13,134
2024-06-01 05:43:16,132
2024-06-01 05:43:23,128
2024-06-01 05:43:27,124
2024-06-01 05:43:31,120
2024-06-01 05:43:37,117
2024-06-01 05:43:42,114
2024-06-01 05:43:47,112
2024-06-01 05:43:55,106
2024-06-01 05:43:58,106
2024-06-01 05:44:01,105
2024-06-01 05:44:09,104
2024-06-01 05:44:15,112
2024-06-01 05:44:16,112
2024-06-01 05:44:23,117
2024-06-01 05:44:29,122
2024-06-01 05:44:33,123
2024-06-01 05:44:37,124
2024-06-01 05:44:45,123
2024-06-01 05:44:50,122
2024-06-01 05:44:51,122
2024-06-01 05:44:57,119
2024-06-01 05:45:03,115
2024-06-01 05:45:10,109
2024-06-01 05:45:13,110
2024-06-01 05:45:16,113
2024-06-01 05:45:25,117
2024-06-01 05:45:27,117
2024-06-01 05:45:32,116
2024-06-01 05:45:36,113
2024-06-01 05:45:44,109
2024-06-01 05:45:46,110
2024-06-01 05:45:55,117
2024-06-01 05:46:00,118
2024-06-01 05:46:04,117
2024-06-01 05:46:09,116
2024-06-01 05:46:13,115
2024-06-01 05:46:20,114
2024-06-01 05:46:25,115
2024-06-01 05:46:27,114
2024-06-01 05:46:35,112
2024-06-01 05:46:36,113
2024-06-01 05:46:41,115
2024-06-01 05:46:46,114
2024-06-01 05:46:54,109
2024-06-01 05:46:58,110
2024-06-01 05:47:03,111
2024-06-01 05:47:10,109
2024-06-01 05:47:11,109
2024-06-01 05:47:20,111
2024-06-01 05:47:22,111
2024-06-01 05:47:30,110
2024-06-01 05:47:32,108
2024-06-01 05:47:37,109
2024-06-01 05:47:43,108
2024-06-01 05:47:46,108
2024-06-01 05:47:53,103
2024-06-01 05:47:59,100
2024-06-01 05:48:05,97
2024-06-01 05:48:08,98
2024-06-01 05:48:14,95
2024-06-01 05:48:20,95
2024-06-01 05:48:22,95
2024-06-01 05:48:30,91
2024-06-01 05:48:31,92
2024-06-01 05:48:40,94
2024-06-01 05:48:43,94
2024-06-01 05:48:49,97
2024-06-01 05:48:53,98
2024-06-01 05:48:56,98
2024-06-01 05:49:01,102
2024-06-01 05:49:09,112
2024-06-01 05:49:15,115
2024-06-01 05:49:20,114
2024-06-01 05:49:21,114
2024-06-01 05:49:26,115
2024-06-01 05:49:35,121
2024-06-01 05:49:38,121
2024-06-01 05:49:42,121
2024-06-01 05:49:46,118
2024-06-01 05:49:51,114
2024-06-01 05:50:00,107
2024-06-01 05:50:02,107
2024-06-01 05:50:09,101
2024-06-01 05:35:47,111
2024-06-01 05:50:11,100
2024-06-01 05:50:20,92
2024-06-01 05:50:25,94
2024-06-01 05:50:30,94
2024-06-01 05:50:31,93
2024-06-01 05:50:39,90
2024-06-01 05:50:41,91
2024-06-01 05:50:46,89
2024-06-01 05:50:52,99
2024-06-01 05:51:00,108
2024-06-01 05:51:05,111
2024-06-01 05:51:09,112
2024-06-01 05:57:41,101
2024-06-01 06:02:41,106
2024-06-01 06:07:29,103
2024-06-01 06:12:06,99
2024-06-01 06:14:26,91
2024-06-01 06:23:31,110
2024-06-01 06:23:36,111
2024-06-01 06:23:37,111
2024-06-01 06:23:46,114
2024-06-01 06:23:47,115
2024-06-01 06:23:54,115
2024-06-01 06:24:01,116
2024-06-01 06:24:05,116
2024-06-01 06:24:08,116
2024-06-01 06:24:15,111
2024-06-01 06:24:40,102
2024-06-01 06:32:13,99
2024-06-01 06:36:47,90
2024-06-01 06:39:58,98
2024-06-01 06:48:28,92
2024-06-01 06:51:13,87
2024-06-01 06:55:54,86
2024-06-01 07:01:38,93
2024-06-01 07:04:00,91
2024-06-01 07:06:28,94
2024-06-01 06:59:20,84
2024-06-01 07:10:21,98
2024-06-01 07:13:47,100
2024-06-01 07:16:13,100
2024-06-01 07:11:35,94
2024-06-01 07:22:41,102
2024-06-01 07:22:07,110
2024-06-01 07:32:46,105
2024-06-01 07:36:40,113
2024-06-01 07:48:18,105
2024-06-01 07:49:10,103
2024-06-01 07:58:27,94
2024-06-01 08:08:18,100
2024-06-01 08:10:26,97
2024-06-01 08:13:43,87
2024-06-01 08:20:55,103
2024-06-01 08:21:00,107
2024-06-01 08:21:05,111
2024-06-01 08:21:10,111
2024-06-01 08:33:17,155
2024-06-01 08:33:22,156
2024-06-01 08:33:25,157
2024-06-01 08:33:32,158
2024-06-01 08:33:37,157
2024-06-01 08:29:59,107
2024-06-01 08:37:27,103
2024-06-01 08:39:22,105
2024-06-01 08:44:39,128
2024-06-01 08:53:34,135
2024-06-01 08:53:38,131
2024-06-01 08:53:42,127
2024-06-01 08:53:46,122
2024-06-01 08:53:53,115
2024-06-01 08:53:56,114
2024-06-01 08:54:00,112
2024-06-01 08:54:07,119
2024-06-01 08:54:14,128
2024-06-01 08:54:15,129
2024-06-01 08:54:22,134
2024-06-01 08:54:25,136
2024-06-01 08:54:31,143
2024-06-01 08:54:39,145
2024-06-01 08:54:43,145
2024-06-01 08:54:45,146
2024-06-01 08:54:53,145
2024-06-01 08:54:59,149
2024-06-01 08:55:04,149
2024-06-01 08:55:07,149
2024-06-01 08:55:10,148
2024-06-01 08:55:18,142
2024-06-01 08:55:23,137
2024-06-01 08:48:37,129
2024-06-01 08:58:09,132
2024-06-01 08:59:58,110
2024-06-01 09:08:31,114
2024-06-01 09:15:52,113
2024-06-01 09:22:15,104
2024-06-01 09:32:39,113
2024-06-01 09:34:52,100
2024-06-01 09:43:19,106
2024-06-01 09:52:20,105
2024-06-01 09:54:02,101
2024-06-01 09:54:07,100
2024-06-01 09:54:09,101
2024-06-01 09:54:13,100
2024-06-01 09:54:22,110
2024-06-01 09:54:27,108
2024-06-01 09:54:31,107
2024-06-01 09:54:37,109
2024-06-01 09:55:52,107
2024-06-01 09:59:59,117
2024-06-01 10:00:04,117
2024-06-01 10:06:55,103
2024-06-01 10:07:00,104
2024-06-01 10:07:04,105
2024-06-01 10:07:06,106
2024-06-01 10:07:15,101
2024-06-01 10:07:20,103
2024-06-01 10:07:21,104
2024-06-01 10:07:29,104
2024-06-01 10:07:33,106
2024-06-01 10:07:40,108
2024-06-01 10:07:54,108
2024-06-01 10:07:59,109
2024-06-01 10:08:04,110
2024-06-01 10:08:09,109
2024-06-01 10:08:10,108
2024-06-01 10:08:17,105
2024-06-01 10:08:22,106
2024-06-01 10:08:25,106
2024-06-01 10:08:34,99
2024-06-01 10:08:36,100
2024-06-01 10:14:56,105
2024-06-01 10:20:13,115
2024-06-01 10:23:43,105
2024-06-01 10:32:54,127
2024-06-01 10:35:25,119
2024-06-01 10:42:23,124
2024-06-01 10:46:14,119
2024-06-01 10:47:52,119
2024-06-01 17:52:12,74
2024-06-01 18:00:57,87
2024-06-01 17:57:19,80
2024-06-01 18:04:48,83
2024-06-01 18:02:17,83
2024-06-01 18:07:49,85
2024-06-01 18:14:13,107
2024-06-01 18:11:59,75
2024-06-01 18:18:06,80
2024-06-01 18:20:49,79
2024-06-01 18:26:02,86
